{"user":{"id":2241181828,"email":"jmarrujo1991@gmail.com","emailVerified":1,"userVerified":1,"phone":"14085694325","phoneVerified":0,"passModified":1750564800,"withoutPasswd":0,"hipaa":0,"timeZone":21,"timeFormat":0,"dateFormat":0,"eSignMethod":{"active":1,"methods":["SendToSign","SignNow"],"eSignIsHidden":true},"enablePass":0,"social":1,"marketingEmails":1,"authType":"regular","twoStepVerification":{"available":true,"enabled":false}},"time":{"current":"12\/30\/25 11:41 AM","zones":[{"id":1,"identifier":"Etc\/GMT+12","country":"","city":"","name":"Dateline Time","abbr":"UTC -12:00","offset":-43200},{"id":2,"identifier":"Pacific\/Pago_Pago","country":"American Samoa","city":"Pago Pago","name":"American Samoa Time","abbr":"SST","offset":-39600},{"id":3,"identifier":"Pacific\/Midway","country":"America","city":"","name":"Midway Island Time","abbr":"SST","offset":-39600},{"id":4,"identifier":"America\/Adak","country":"America","city":"Adak","name":"Aleutian Islands Time","abbr":"HST","offset":-36000},{"id":5,"identifier":"Pacific\/Honolulu","country":"America","city":"Honolulu","name":"Hawaii Time","abbr":"HST","offset":-36000},{"id":6,"identifier":"Pacific\/Marquesas","country":"French Polynesia","city":"Taiohae","name":"Marquesas Islands Time","abbr":"UTC -09:30","offset":-34200},{"id":7,"identifier":"America\/Anchorage","country":"America","city":"Anchorage","name":"Alaska Time","abbr":"AKST","offset":-32400},{"id":8,"identifier":"America\/Tijuana","country":"Mexico","city":"Tijuana","name":"Pacific Time (Mexico)","abbr":"PST","offset":-28800},{"id":9,"identifier":"America\/Los_Angeles","country":"America","city":"Los Angeles","name":"Pacific Time (US & Canada)","abbr":"PST","offset":-28800},{"id":10,"identifier":"America\/Phoenix","country":"America","city":"Phoenix","name":"Arizona","abbr":"MST","offset":-25200},{"id":12,"identifier":"America\/Denver","country":"America","city":"Denver","name":"Mountain Time (US & Canada)","abbr":"MST","offset":-25200},{"id":11,"identifier":"America\/Chihuahua","country":"Mexico","city":"Chihuahua","name":"Mountain Time (Mexico)","abbr":"CST","offset":-21600},{"id":13,"identifier":"America\/Guatemala","country":"Republic of Guatemala","city":"Guatemala","name":"Central America","abbr":"CST","offset":-21600},{"id":14,"identifier":"America\/Chicago","country":"America","city":"Chicago","name":"Central Time (US & Canada)","abbr":"CST","offset":-21600},{"id":16,"identifier":"America\/Mexico_City","country":"Mexico","city":"Mexico City","name":"Central Time (Mexico)","abbr":"CST","offset":-21600},{"id":17,"identifier":"America\/Regina","country":"America","city":"Regina","name":"Saskatchewan","abbr":"CST","offset":-21600},{"id":15,"identifier":"Pacific\/Easter","country":"Chile","city":"Hanga Roa","name":"Easter Island Time","abbr":"UTC -05:00","offset":-18000},{"id":18,"identifier":"America\/Bogota","country":"Colombia","city":"Bogota","name":"Colombia Time","abbr":"UTC -05:00","offset":-18000},{"id":19,"identifier":"America\/Lima","country":"Peru","city":"Lima","name":"Peru Time","abbr":"UTC -05:00","offset":-18000},{"id":20,"identifier":"America\/Cancun","country":"Mexico","city":"Cancun","name":"Eastern Time (Mexico)","abbr":"EST","offset":-18000},{"id":21,"identifier":"America\/New_York","country":"America","city":"New York","name":"Eastern Time (US & Canada)","abbr":"EST","offset":-18000},{"id":22,"identifier":"America\/Port-au-Prince","country":"Haiti","city":"Port-au-Prince","name":"Haiti Time","abbr":"EST","offset":-18000},{"id":23,"identifier":"America\/Havana","country":"Cuba","city":"Havana","name":"Cuba Time","abbr":"CST","offset":-18000},{"id":24,"identifier":"America\/Indiana\/Indianapolis","country":"America","city":"Indianapolis","name":"Indiana (East)","abbr":"EST","offset":-18000},{"id":33,"identifier":"America\/Grand_Turk","country":"Turks and Caicos Islands","city":"Providenciales","name":"Turks and Caicos Islands Time","abbr":"EST","offset":-18000},{"id":26,"identifier":"America\/Halifax","country":"Canada","city":"Halifax","name":"Atlantic Time (Canada)","abbr":"AST","offset":-14400},{"id":27,"identifier":"America\/Caracas","country":"Venezuela","city":"Caracas","name":"Venezuela Time","abbr":"UTC -04:00","offset":-14400},{"id":28,"identifier":"America\/Cuiaba","country":"Brazil","city":"Cuiaba","name":"Amazon Time","abbr":"UTC -04:00","offset":-14400},{"id":29,"identifier":"America\/La_Paz","country":"Bolivia","city":"La Paz","name":"Bolivia Time","abbr":"UTC -04:00","offset":-14400},{"id":30,"identifier":"America\/Guyana","country":"Guyana","city":"Georgetown","name":"Guyana Time","abbr":"UTC -04:00","offset":-14400},{"id":31,"identifier":"America\/Puerto_Rico","country":"Puerto Rico","city":"San Juan","name":"Puerto Rico Time","abbr":"AST","offset":-14400},{"id":34,"identifier":"America\/St_Johns","country":"Canada","city":"St. John's","name":"Newfoundland Time","abbr":"NST","offset":-12600},{"id":25,"identifier":"America\/Asuncion","country":"Paraguay","city":"Asuncion","name":"Paraguay Time","abbr":"UTC -03:00","offset":-10800},{"id":32,"identifier":"America\/Santiago","country":"Chile","city":"Santiago","name":"Chile Time","abbr":"UTC -03:00","offset":-10800},{"id":35,"identifier":"America\/Sao_Paulo","country":"Brazil","city":"Sao Paulo","name":"Brazil Time","abbr":"UTC -03:00","offset":-10800},{"id":36,"identifier":"America\/Cayenne","country":"French Guiana","city":"Cayenne","name":"French Guiana Time","abbr":"UTC -03:00","offset":-10800},{"id":37,"identifier":"America\/Argentina\/Buenos_Aires","country":"Argentina","city":"Buenos Aires","name":"Argentina Time","abbr":"UTC -03:00","offset":-10800},{"id":39,"identifier":"America\/Montevideo","country":"Uruguay","city":"Montevideo","name":"Uruguay Time","abbr":"UTC -03:00","offset":-10800},{"id":40,"identifier":"America\/Miquelon","country":"France","city":"Saint-Pierre","name":"Pierre & Miquelon Time","abbr":"UTC -03:00","offset":-10800},{"id":41,"identifier":"America\/Bahia","country":"Brazil","city":"Salvador","name":"Bahia Time","abbr":"UTC -03:00","offset":-10800},{"id":38,"identifier":"America\/Godthab","country":"Denmark","city":"Nuuk","name":"Greenland Time","abbr":"UTC -02:00","offset":-7200},{"id":42,"identifier":"Atlantic\/South_Georgia","country":"United Kingdom","city":"King Edward Point","name":"South Georgia & Sandwich Islands Time","abbr":"UTC -02:00","offset":-7200},{"id":43,"identifier":"Atlantic\/Azores","country":"Portugal","city":"Ponta Delgada","name":"Azores Time","abbr":"UTC -01:00","offset":-3600},{"id":44,"identifier":"Atlantic\/Cape_Verde","country":"Cabo Verde","city":"Praia","name":"Cape Verde Time","abbr":"UTC -01:00","offset":-3600},{"id":45,"identifier":"Etc\/UTC","country":"","city":"","name":"Coordinated Universal Time","abbr":"UTC","offset":0},{"id":46,"identifier":"Europe\/London","country":"United Kingdom","city":"London","name":"London Time","abbr":"GMT","offset":0},{"id":47,"identifier":"Europe\/Dublin","country":"Ireland","city":"Dublin","name":"Dublin Time","abbr":"GMT","offset":0},{"id":48,"identifier":"Europe\/Lisbon","country":"Portugal","city":"Lisbon","name":"Western European Time","abbr":"WET","offset":0},{"id":49,"identifier":"Atlantic\/Reykjavik","country":"Iceland","city":"Reykjavik","name":"Reykjavik Time","abbr":"GMT","offset":0},{"id":50,"identifier":"Africa\/Monrovia","country":"Liberia","city":"Monrovia","name":"Liberia Time","abbr":"GMT","offset":0},{"id":51,"identifier":"Europe\/Berlin","country":"Germany","city":"Berlin","name":"Berlin Time","abbr":"CET","offset":3600},{"id":52,"identifier":"Europe\/Vienna","country":"Austria","city":"Vienna","name":"Vienna Time","abbr":"CET","offset":3600},{"id":53,"identifier":"Europe\/Zurich","country":"Switzerland","city":"Zurich","name":"Zurich Time","abbr":"CET","offset":3600},{"id":54,"identifier":"Europe\/Rome","country":"Italy","city":"Rome","name":"Rome Time","abbr":"CET","offset":3600},{"id":55,"identifier":"Europe\/Amsterdam","country":"Netherlands","city":"Amsterdam","name":"Amsterdam Time","abbr":"CET","offset":3600},{"id":56,"identifier":"Europe\/Stockholm","country":"Sweden","city":"Stockholm","name":"Stockholm Time","abbr":"CET","offset":3600},{"id":57,"identifier":"Europe\/Budapest","country":"Hungary","city":"Budapest","name":"Budapest Time","abbr":"CET","offset":3600},{"id":58,"identifier":"Europe\/Prague","country":"Czech Republic","city":"Prague","name":"Prague Time","abbr":"CET","offset":3600},{"id":59,"identifier":"Europe\/Belgrade","country":"Serbia","city":"Belgrade","name":"Belgrade Time","abbr":"CET","offset":3600},{"id":60,"identifier":"Europe\/Ljubljana","country":"Slovenia","city":"Ljubljana","name":"Slovenia Time","abbr":"CET","offset":3600},{"id":61,"identifier":"Europe\/Bratislava","country":"Slovakia","city":"Bratislava","name":"Bratislava Time","abbr":"CET","offset":3600},{"id":62,"identifier":"Europe\/Paris","country":"France","city":"Paris","name":"Paris Time","abbr":"CET","offset":3600},{"id":63,"identifier":"Europe\/Brussels","country":"Belgium","city":"Brussels","name":"Brussels Time","abbr":"CET","offset":3600},{"id":64,"identifier":"Europe\/Copenhagen","country":"Denmark","city":"Copenhagen","name":"Copenhagen Time","abbr":"CET","offset":3600},{"id":65,"identifier":"Europe\/Madrid","country":"Spain","city":"Madrid","name":"Madrid Time","abbr":"CET","offset":3600},{"id":66,"identifier":"Africa\/Casablanca","country":"Morocco","city":"Casablanca","name":"Morocco Time","abbr":"UTC +01:00","offset":3600},{"id":67,"identifier":"Europe\/Warsaw","country":"Poland","city":"Warsaw","name":"Warsaw Time","abbr":"CET","offset":3600},{"id":68,"identifier":"Europe\/Sarajevo","country":"Bosnia-Herzegovina","city":"Sarajevo","name":"Sarajevo Time","abbr":"CET","offset":3600},{"id":69,"identifier":"Europe\/Zagreb","country":"Croatia","city":"Zagreb","name":"Zagreb Time","abbr":"CET","offset":3600},{"id":70,"identifier":"Europe\/Skopje","country":"Macedonia","city":"Skopje","name":"Macedonia Time","abbr":"CET","offset":3600},{"id":71,"identifier":"Africa\/Lagos","country":"Nigeria","city":"Lagos","name":"Western African Time","abbr":"WAT","offset":3600},{"id":72,"identifier":"Africa\/Algiers","country":"Algeria","city":"Algiers","name":"Algiers Time","abbr":"CET","offset":3600},{"id":74,"identifier":"Europe\/Bucharest","country":"Romania","city":"Bucharest","name":"Bucharest Time","abbr":"EET","offset":7200},{"id":75,"identifier":"Europe\/Athens","country":"Greece","city":"Athens","name":"Athens Time","abbr":"EET","offset":7200},{"id":76,"identifier":"Africa\/Cairo","country":"Egypt","city":"Cairo","name":"Egypt Time","abbr":"EET","offset":7200},{"id":78,"identifier":"Africa\/Johannesburg","country":"South Africa","city":"Johannesburg","name":"South Africa Time","abbr":"SAST","offset":7200},{"id":79,"identifier":"Africa\/Harare","country":"Zimbabwe","city":"Harare","name":"Harare Time","abbr":"CAT","offset":7200},{"id":80,"identifier":"Europe\/Kiev","country":"Ukraine","city":"Kiev","name":"Kiev Time","abbr":"EET","offset":7200},{"id":81,"identifier":"Europe\/Sofia","country":"Bulgaria","city":"Sofia","name":"Sofia Time","abbr":"EET","offset":7200},{"id":82,"identifier":"Europe\/Tallinn","country":"Estonia","city":"Tallinn","name":"Tallinn Time","abbr":"EET","offset":7200},{"id":83,"identifier":"Europe\/Helsinki","country":"Finland","city":"Helsinki","name":"Helsinki Time","abbr":"EET","offset":7200},{"id":84,"identifier":"Europe\/Vilnius","country":"Lithuania","city":"Vilnius","name":"Vilnius Time","abbr":"EET","offset":7200},{"id":85,"identifier":"Europe\/Riga","country":"Latvia","city":"Riga","name":"Riga Time","abbr":"EET","offset":7200},{"id":86,"identifier":"Asia\/Jerusalem","country":"Israel","city":"Jerusalem","name":"Israel Time","abbr":"IST","offset":7200},{"id":87,"identifier":"Europe\/Kaliningrad","country":"Russia","city":"Kaliningrad","name":"Kaliningrad Time","abbr":"EET","offset":7200},{"id":88,"identifier":"Africa\/Khartoum","country":"Sudan","city":"Khartoum","name":"Sudan Time","abbr":"CAT","offset":7200},{"id":89,"identifier":"Africa\/Tripoli","country":"Libya","city":"Tripoli","name":"Libya Time","abbr":"EET","offset":7200},{"id":90,"identifier":"Africa\/Windhoek","country":"Namibia","city":"Windhoek","name":"Namibia Time","abbr":"CAT","offset":7200},{"id":73,"identifier":"Asia\/Amman","country":"Jordan","city":"Amman","name":"Jordan Time","abbr":"UTC +03:00","offset":10800},{"id":77,"identifier":"Asia\/Damascus","country":"Syria","city":"Damascus","name":"Syria Time","abbr":"UTC +03:00","offset":10800},{"id":91,"identifier":"Asia\/Baghdad","country":"Iraq","city":"Baghdad","name":"Baghdad Time","abbr":"UTC +03:00","offset":10800},{"id":92,"identifier":"Europe\/Istanbul","country":"Turkey","city":"Istanbul","name":"Turkey Time","abbr":"UTC +03:00","offset":10800},{"id":93,"identifier":"Asia\/Riyadh","country":"Saudi Arabia","city":"Riyadh","name":"Arabia Time","abbr":"UTC +03:00","offset":10800},{"id":94,"identifier":"Europe\/Minsk","country":"Belarus","city":"Minsk","name":"Belarus Time","abbr":"UTC +03:00","offset":10800},{"id":95,"identifier":"Europe\/Moscow","country":"Russia","city":"Moscow","name":"Moscow Time","abbr":"MSK","offset":10800},{"id":96,"identifier":"Africa\/Nairobi","country":"Kenya","city":"Nairobi","name":"Nairobi Time","abbr":"EAT","offset":10800},{"id":97,"identifier":"Asia\/Tehran","country":"Iran","city":"Tehran","name":"Iran Time","abbr":"UTC +03:30","offset":12600},{"id":98,"identifier":"Asia\/Dubai","country":"United Arab Emirates","city":"Dubai","name":"Gulf Time","abbr":"UTC +04:00","offset":14400},{"id":99,"identifier":"Asia\/Baku","country":"Azerbaijan","city":"Baku","name":"Azerbaijan Time","abbr":"UTC +04:00","offset":14400},{"id":100,"identifier":"Europe\/Samara","country":"Russia","city":"Samara","name":"Samara Time","abbr":"UTC +04:00","offset":14400},{"id":101,"identifier":"Indian\/Mauritius","country":"Mauritius","city":"Port Louis","name":"Mauritius Time","abbr":"UTC +04:00","offset":14400},{"id":102,"identifier":"Asia\/Tbilisi","country":"Georgia","city":"Tbilisi","name":"Georgia Time","abbr":"UTC +04:00","offset":14400},{"id":103,"identifier":"Asia\/Yerevan","country":"Armenia","city":"Yerevan","name":"Armenia Time","abbr":"UTC +04:00","offset":14400},{"id":104,"identifier":"Asia\/Kabul","country":"Afghanistan","city":"Kabul","name":"Afghanistan Time","abbr":"UTC +04:30","offset":16200},{"id":105,"identifier":"Asia\/Tashkent","country":"Uzbekistan","city":"Tashkent","name":"Uzbekistan Time","abbr":"UTC +05:00","offset":18000},{"id":106,"identifier":"Asia\/Yekaterinburg","country":"Russia","city":"Yekaterinburg","name":"Yekaterinburg Time","abbr":"UTC +05:00","offset":18000},{"id":107,"identifier":"Asia\/Karachi","country":"Pakistan","city":"Karachi","name":"Pakistan Time","abbr":"PKT","offset":18000},{"id":111,"identifier":"Asia\/Almaty","country":"Kazakhstan","city":"Almaty","name":"Alma-Ata Time","abbr":"UTC +05:00","offset":18000},{"id":108,"identifier":"Asia\/Kolkata","country":"India","city":"Kolkata","name":"India Time","abbr":"IST","offset":19800},{"id":109,"identifier":"Asia\/Colombo","country":"Sri Lanka","city":"Colombo","name":"Sri Lanka Time","abbr":"UTC +05:30","offset":19800},{"id":110,"identifier":"Asia\/Kathmandu","country":"Nepal","city":"Katmandu","name":"Nepal Time","abbr":"UTC +05:45","offset":20700},{"id":112,"identifier":"Asia\/Dhaka","country":"Bangladesh","city":"Dhaka","name":"Bangladesh Time","abbr":"UTC +06:00","offset":21600},{"id":113,"identifier":"Asia\/Omsk","country":"Russia","city":"Omsk","name":"Omsk Time","abbr":"UTC +06:00","offset":21600},{"id":114,"identifier":"Asia\/Rangoon","country":"Myanmar","city":"Yangon","name":"Myanmar Time","abbr":"UTC +06:30","offset":23400},{"id":115,"identifier":"Asia\/Bangkok","country":"Thailand","city":"Bangkok","name":"Indochina Time","abbr":"UTC +07:00","offset":25200},{"id":116,"identifier":"Asia\/Jakarta","country":"Indonesia","city":"Jakarta","name":"West Indonesia Time","abbr":"WIB","offset":25200},{"id":117,"identifier":"Asia\/Hovd","country":"Mongolia","city":"Hovd","name":"Hovd Time","abbr":"UTC +07:00","offset":25200},{"id":118,"identifier":"Asia\/Krasnoyarsk","country":"Russia","city":"Krasnoyarsk","name":"Krasnoyarsk Time","abbr":"UTC +07:00","offset":25200},{"id":119,"identifier":"Asia\/Novosibirsk","country":"Russia","city":"Novosibirsk","name":"Novosibirsk Time","abbr":"UTC +07:00","offset":25200},{"id":120,"identifier":"Asia\/Shanghai","country":"China","city":"Shanghai","name":"China Time","abbr":"CST","offset":28800},{"id":121,"identifier":"Asia\/Hong_Kong","country":"China","city":"Hong Kong","name":"Hong Kong Time","abbr":"HKT","offset":28800},{"id":122,"identifier":"Asia\/Irkutsk","country":"Russia","city":"Irkutsk","name":"Irkutsk Time","abbr":"UTC +08:00","offset":28800},{"id":123,"identifier":"Asia\/Singapore","country":"Singapore","city":"Singapore","name":"Singapore Time","abbr":"UTC +08:00","offset":28800},{"id":124,"identifier":"Asia\/Kuala_Lumpur","country":"Malaysia","city":"Kuala Lumpur","name":"Malaysia Time","abbr":"UTC +08:00","offset":28800},{"id":125,"identifier":"Australia\/Perth","country":"Australia","city":"Perth","name":"Australia Western Time","abbr":"AWST","offset":28800},{"id":126,"identifier":"Asia\/Taipei","country":"China","city":"Taipei","name":"China Time","abbr":"CST","offset":28800},{"id":127,"identifier":"Asia\/Ulaanbaatar","country":"Mongolia","city":"Ulaanbaatar","name":"Ulaanbaatar Time","abbr":"UTC +08:00","offset":28800},{"id":128,"identifier":"Australia\/Eucla","country":"Australia","city":"Eucla","name":"Australian Central Western Time (Eucla)","abbr":"UTC +08:45","offset":31500},{"id":129,"identifier":"Asia\/Tokyo","country":"Japan","city":"Tokyo","name":"Japan Time","abbr":"JST","offset":32400},{"id":130,"identifier":"Asia\/Pyongyang","country":"North Korea","city":"Pyongyang","name":"North Korea Time","abbr":"KST","offset":32400},{"id":131,"identifier":"Asia\/Seoul","country":"South Korea","city":"Seoul","name":"South Korea Time","abbr":"KST","offset":32400},{"id":132,"identifier":"Asia\/Yakutsk","country":"Russia","city":"Yakutsk","name":"Yakutsk Time","abbr":"UTC +09:00","offset":32400},{"id":134,"identifier":"Australia\/Darwin","country":"Australia","city":"Darwin","name":"Australia Central Time (Northern Territory)","abbr":"ACST","offset":34200},{"id":135,"identifier":"Australia\/Brisbane","country":"Australia","city":"Brisbane","name":"Australia Eastern Time (Queensland)","abbr":"AEST","offset":36000},{"id":138,"identifier":"Pacific\/Port_Moresby","country":"Papua New Guinea","city":"Port Moresby","name":"Papua New Guinea Time","abbr":"UTC +10:00","offset":36000},{"id":139,"identifier":"Pacific\/Guam","country":"America","city":"Agana","name":"Chamorro Time","abbr":"ChST","offset":36000},{"id":141,"identifier":"Asia\/Vladivostok","country":"Russia","city":"Vladivostok","name":"Vladivostok Time","abbr":"UTC +10:00","offset":36000},{"id":133,"identifier":"Australia\/Adelaide","country":"Australia","city":"Adelaide","name":"Australia Central Time","abbr":"ACDT","offset":37800},{"id":136,"identifier":"Australia\/Sydney","country":"Australia","city":"Sydney","name":"Australia Eastern Time (New South Wales)","abbr":"AEDT","offset":39600},{"id":137,"identifier":"Australia\/Melbourne","country":"Australia","city":"Melbourne","name":"Australia Eastern Time (Victoria)","abbr":"AEDT","offset":39600},{"id":140,"identifier":"Australia\/Hobart","country":"Australia","city":"Hobart","name":"Australia Eastern Time (Tasmania)","abbr":"AEDT","offset":39600},{"id":142,"identifier":"Australia\/Lord_Howe","country":"Australia","city":"","name":"Lord Howe Island Time","abbr":"UTC +11:00","offset":39600},{"id":143,"identifier":"Pacific\/Bougainville","country":"Papua New Guinea","city":"Arawa","name":"Bougainville Island Time","abbr":"UTC +11:00","offset":39600},{"id":144,"identifier":"Asia\/Magadan","country":"Russia","city":"Magadan","name":"Magadan Time","abbr":"UTC +11:00","offset":39600},{"id":146,"identifier":"Asia\/Sakhalin","country":"Russia","city":"Yuzhno-Sakhalinsk","name":"Sakhalin Time","abbr":"UTC +11:00","offset":39600},{"id":147,"identifier":"Pacific\/Guadalcanal","country":"Solomon Islands","city":"Honiara","name":"Solomon Islands Time","abbr":"UTC +11:00","offset":39600},{"id":148,"identifier":"Pacific\/Noumea","country":"New Caledonia","city":"Noumea","name":"New Caledonia Time","abbr":"UTC +11:00","offset":39600},{"id":145,"identifier":"Pacific\/Norfolk","country":"Australia","city":"Kingston","name":"Norfolk Island Time","abbr":"UTC +12:00","offset":43200},{"id":149,"identifier":"Asia\/Kamchatka","country":"Russia","city":"Petropavlovsk-Kamchatsky","name":"Kamchatka Time","abbr":"UTC +12:00","offset":43200},{"id":151,"identifier":"Pacific\/Majuro","country":"Marshall Islands","city":"Majuro","name":"Marshall Islands Time","abbr":"UTC +12:00","offset":43200},{"id":152,"identifier":"Pacific\/Fiji","country":"Fiji","city":"Suva","name":"Fiji Time","abbr":"UTC +12:00","offset":43200},{"id":150,"identifier":"Pacific\/Auckland","country":"New Zealand","city":"Auckland","name":"New Zealand Time","abbr":"NZDT","offset":46800},{"id":154,"identifier":"Pacific\/Fakaofo","country":"Tokelau","city":"","name":"Tokelau Islands Time","abbr":"UTC +13:00","offset":46800},{"id":155,"identifier":"Pacific\/Tongatapu","country":"Tonga","city":"Nuku\u02bbalofa","name":"Tonga Time","abbr":"UTC +13:00","offset":46800},{"id":156,"identifier":"Pacific\/Apia","country":"Samoa","city":"Apia","name":"Samoa Time","abbr":"UTC +13:00","offset":46800},{"id":153,"identifier":"Pacific\/Chatham","country":"New Zealand","city":"","name":"Chatham Islands Time","abbr":"UTC +13:45","offset":49500},{"id":157,"identifier":"Pacific\/Kiritimati","country":"Kiribati","city":"Kiritimati","name":"Kiritimati Island Time","abbr":"UTC +14:00","offset":50400}],"formats":["12 HOUR","24 HOUR"],"dateFormats":[{"name":"mm\/dd\/yy","value":0},{"name":"mm\/dd\/yyyy","value":1},{"name":"yyyy-mm-dd","value":2},{"name":"dd-mmm-yyyy","value":3},{"name":"d mmm yyyy","value":4}]},"notifications":{"list":["Receive news from PDFfiller.com"],"active":[1]}}~ $
